{
    "resources": [
        {
            "name": "util/SimData-dbg.js",
            "isDebug": true
        },
        {
            "name": "controller/ResponseHistoryDialog.js"
        },
        {
            "name": "util/SimData.js"
        },
        {
            "name": "util/MasterData.js"
        },
        {
            "name": "util/DataModel.js"
        },
        {
            "name": "util/CommonUtil.js"
        },
        {
            "name": "util/APIHelper.js"
        },
        {
            "name": "model/models.js"
        },
        {
            "name": "controller/SubmissionSearch.controller.js"
        },
        {
            "name": "controller/Submission.controller.js"
        },
        {
            "name": "manifest.json"
        },
        {
            "name": "controller/ResponseHistory.controller.js"
        },
        {
            "name": "controller/MechandiseLineItemDialog.js"
        },
        {
            "name": "controller/Dashboard.controller.js"
        },
        {
            "name": "Component.js"
        },
        {
            "name": "manifest-bundle.zip"
        },
        {
            "name": "Component-preload.js",
            "merged": true
        },
        {
            "name": "controller/MechandiseLineItemDialog-dbg.js",
            "isDebug": true
        },
        {
            "name": "util/MasterData-dbg.js",
            "isDebug": true
        },
        {
            "name": "util/DataModel-dbg.js",
            "isDebug": true
        },
        {
            "name": "util/CommonUtil-dbg.js",
            "isDebug": true
        },
        {
            "name": "util/APIHelper-dbg.js",
            "isDebug": true
        },
        {
            "name": "model/models-dbg.js",
            "isDebug": true
        },
        {
            "name": "controller/SubmissionSearch-dbg.controller.js",
            "isDebug": true
        },
        {
            "name": "controller/Submission-dbg.controller.js",
            "isDebug": true
        },
        {
            "name": "controller/ResponseHistoryDialog-dbg.js",
            "isDebug": true
        },
        {
            "name": "controller/ResponseHistory-dbg.controller.js",
            "isDebug": true
        },
        {
            "name": "i18n/i18n.properties",
            "raw": "i18n/i18n.properties"
        },
        {
            "name": "controller/Dashboard-dbg.controller.js",
            "isDebug": true
        },
        {
            "name": "Component-dbg.js",
            "isDebug": true
        },
        {
            "name": "../../../../sap-ui-version.json"
        },
        {
            "name": "view/SubmissionSearchSortingDialog.fragment.xml"
        },
        {
            "name": "view/SubmissionSearch.view.xml"
        },
        {
            "name": "view/Submission.view.xml"
        },
        {
            "name": "view/ResponseHistoryDialog.fragment.xml"
        },
        {
            "name": "view/ResponseHistory.view.xml"
        },
        {
            "name": "view/MechandiseLineItemDialog.fragment.xml"
        },
        {
            "name": "view/Dashboard.view.xml"
        },
        {
            "name": "images/intel-tdx-online.png"
        },
        {
            "name": "images/intel-tdx-offline.png"
        },
        {
            "name": "images/Usage-Material.jpg"
        },
        {
            "name": "images/Permit-Tracking.jpg"
        },
        {
            "name": "images/Inventory-OnHand.jpg"
        },
        {
            "name": "css/style.css"
        },
        {
            "name": "index.html"
        }
    ]
}