{
  "images/status-released.png": 1692205494232,
  "util/APIHelper.js": 1691607034123,
  "util/SimData.js": 1638466202000,
  "util/MasterData.js": 1692206227703,
  "util/DataModel.js": 1691783322269,
  "util/CommonUtil.js": 1658859250996,
  "manifest.json": 1697742587591,
  "model/models.js": 1636384371000,
  "controller/SubmissionSearch.controller.js": 1692206298031,
  "controller/Submission.controller.js": 1692197397317,
  "controller/ResponseHistoryDialog.js": 1637618771000,
  "controller/ResponseHistory.controller.js": 1638286929000,
  "controller/MechandiseLineItemDialog.js": 1691606300624,
  "controller/Dashboard.controller.js": 1684078971745,
  "Component.js": 1635953817000,
  "manifest-bundle.zip": 1697742586762,
  "Component-preload.js": 1697742587415,
  "controller/MechandiseLineItemDialog-dbg.js": 1691606300624,
  "util/MasterData-dbg.js": 1692206227703,
  "util/DataModel-dbg.js": 1691783322269,
  "util/CommonUtil-dbg.js": 1658859250996,
  "util/APIHelper-dbg.js": 1691607034123,
  "model/models-dbg.js": 1636384371000,
  "controller/SubmissionSearch-dbg.controller.js": 1692206298031,
  "controller/Submission-dbg.controller.js": 1692197397317,
  "controller/ResponseHistoryDialog-dbg.js": 1637618771000,
  "controller/ResponseHistory-dbg.controller.js": 1638286929000,
  "util/SimData-dbg.js": 1638466202000,
  "controller/Dashboard-dbg.controller.js": 1684078971745,
  "Component-dbg.js": 1635953817000,
  "resources.json": 1697742587597,
  "view/SubmissionSearchSortingDialog.fragment.xml": 1638480908000,
  "view/SubmissionSearch.view.xml": 1692206575589,
  "view/Submission.view.xml": 1691783271886,
  "view/ResponseHistoryDialog.fragment.xml": 1638287639000,
  "view/ResponseHistory.view.xml": 1638287607000,
  "view/MechandiseLineItemDialog.fragment.xml": 1691607181302,
  "view/Dashboard.view.xml": 1691608912672,
  "images/status-wip.png": 1692205494232,
  "images/status-warning.png": 1692205494232,
  "i18n/i18n.properties": 1692202901837,
  "images/status-rejected.png": 1692205494232,
  "images/status-received.png": 1692205494232,
  "images/intel-tdx-online.png": 1691606949920,
  "images/intel-tdx-offline.png": 1691606949920,
  "images/Usage-Material.jpg": 1637951617000,
  "images/Permit-Tracking.jpg": 1637951444000,
  "images/Inventory-OnHand.jpg": 1637951617000,
  "css/style.css": 1635953817000,
  "index.html": 1635953817000
}