{
  "welcomeFile": "/index.html",
  "authenticationMethod": "route",
  "logout": {
    "logoutEndpoint": "/do/logout"
  },
  "routes": [
    {
      "source": "^/SubmissionService/(.*)$",
      "target": "$1",
      "authenticationType": "none",
      "destination": "SubmissionService",
      "csrfProtection": false
    },
    {
      "source": "^(.*)$",
      "target": "$1",
      "service": "html5-apps-repo-rt",
      "authenticationType": "xsuaa",
      "scope": {
        "GET": ["$XSAPPNAME.user"],
        "default": ["$XSAPPNAME.user"]
      }
    }
  ]
}
